{"cameraMode":{"drawMode":0,"name":"Shaded","section":"Shading Mode"},"sceneLighting":false,"audioPlay":false,"sceneViewState":{"showFog":true,"showMaterialUpdate":false,"showSkybox":false,"showFlares":true,"showImageEffects":true,"showParticleSystems":true},"in2DMode":false,"pivot":{"x":2.5299999713897707,"y":0.8600000143051148,"z":-41.599998474121097},"rotation":{"x":0.0033596213907003404,"y":0.9966273307800293,"z":0.05536968261003494,"w":-0.060471486300230029},"size":2.61240553855896,"orthographic":true}