{"cameraMode":{"drawMode":0,"name":"Shaded","section":"Shading Mode"},"sceneLighting":true,"audioPlay":false,"sceneViewState":{"showFog":true,"showMaterialUpdate":false,"showSkybox":true,"showFlares":true,"showImageEffects":true,"showParticleSystems":true},"in2DMode":false,"pivot":{"x":8.0,"y":0.10000000894069672,"z":4.950000762939453},"rotation":{"x":0.25221696496009829,"y":-0.5768297910690308,"z":0.19333355128765107,"w":0.7525156736373901},"size":77.54534149169922,"orthographic":false}